Unique_Name,Spacer_Length,Spacer_Position,Raw_Fluorescence_1,Raw_Fluorescence_2,Raw_Fluorescence_3,Avg_Fluorescence,Date,Sequence,upstream
J306,20,,,,,,,TTGTGTCCAGAACGCTCCGTGTTTTAGAGCTAGAAATAGCAAGTTAAAATAAGGCTAGTCCGTTATCAACTTGAAAAAGTGGCACATGAGGATCACCCATGTGCTTTTTTT,0
J306-19,19,,,,,,,TGTGTCCAGAACGCTCCGTGTTTTAGAGCTAGAAATAGCAAGTTAAAATAAGGCTAGTCCGTTATCAACTTGAAAAAGTGGCACATGAGGATCACCCATGTGCTTTTTTT,0
J306-18,18,,,,,,,GTGTCCAGAACGCTCCGTGTTTTAGAGCTAGAAATAGCAAGTTAAAATAAGGCTAGTCCGTTATCAACTTGAAAAAGTGGCACATGAGGATCACCCATGTGCTTTTTTT,0
J306-17,17,,,,,,,TGTCCAGAACGCTCCGTGTTTTAGAGCTAGAAATAGCAAGTTAAAATAAGGCTAGTCCGTTATCAACTTGAAAAAGTGGCACATGAGGATCACCCATGTGCTTTTTTT,0
J306-16,16,,,,,,,GTCCAGAACGCTCCGTGTTTTAGAGCTAGAAATAGCAAGTTAAAATAAGGCTAGTCCGTTATCAACTTGAAAAAGTGGCACATGAGGATCACCCATGTGCTTTTTTT,0
J306-15,15,,,,,,,TCCAGAACGCTCCGTGTTTTAGAGCTAGAAATAGCAAGTTAAAATAAGGCTAGTCCGTTATCAACTTGAAAAAGTGGCACATGAGGATCACCCATGTGCTTTTTTT,0
J306-14,14,,,,,,,CCAGAACGCTCCGTGTTTTAGAGCTAGAAATAGCAAGTTAAAATAAGGCTAGTCCGTTATCAACTTGAAAAAGTGGCACATGAGGATCACCCATGTGCTTTTTTT,0
J306-13,13,,,,,,,CAGAACGCTCCGTGTTTTAGAGCTAGAAATAGCAAGTTAAAATAAGGCTAGTCCGTTATCAACTTGAAAAAGTGGCACATGAGGATCACCCATGTGCTTTTTTT,0
J306-12,12,,,,,,,AGAACGCTCCGTGTTTTAGAGCTAGAAATAGCAAGTTAAAATAAGGCTAGTCCGTTATCAACTTGAAAAAGTGGCACATGAGGATCACCCATGTGCTTTTTTT,0
J306-11,11,,,,,,,GAACGCTCCGTGTTTTAGAGCTAGAAATAGCAAGTTAAAATAAGGCTAGTCCGTTATCAACTTGAAAAAGTGGCACATGAGGATCACCCATGTGCTTTTTTT,0
J306-8,8,,,,,,,CGCTCCGTGTTTTAGAGCTAGAAATAGCAAGTTAAAATAAGGCTAGTCCGTTATCAACTTGAAAAAGTGGCACATGAGGATCACCCATGTGCTTTTTTT,0
J506,20,,,,,,,AGCAGCATGAGCAGCATTGAGTTTTAGAGCTAGAAATAGCAAGTTAAAATAAGGCTAGTCCGTTATCAACTTGAAAAAGTGGCACATGAGGATCACCCATGTGCTTTTTTT,0
J506-19,19,,,,,,,GCAGCATGAGCAGCATTGAGTTTTAGAGCTAGAAATAGCAAGTTAAAATAAGGCTAGTCCGTTATCAACTTGAAAAAGTGGCACATGAGGATCACCCATGTGCTTTTTTT,0
J506-18,18,,,,,,,CAGCATGAGCAGCATTGAGTTTTAGAGCTAGAAATAGCAAGTTAAAATAAGGCTAGTCCGTTATCAACTTGAAAAAGTGGCACATGAGGATCACCCATGTGCTTTTTTT,0
J506-17,17,,,,,,,AGCATGAGCAGCATTGAGTTTTAGAGCTAGAAATAGCAAGTTAAAATAAGGCTAGTCCGTTATCAACTTGAAAAAGTGGCACATGAGGATCACCCATGTGCTTTTTTT,0
J506-16,16,,,,,,,GCATGAGCAGCATTGAGTTTTAGAGCTAGAAATAGCAAGTTAAAATAAGGCTAGTCCGTTATCAACTTGAAAAAGTGGCACATGAGGATCACCCATGTGCTTTTTTT,0
J506-15,15,,,,,,,CATGAGCAGCATTGAGTTTTAGAGCTAGAAATAGCAAGTTAAAATAAGGCTAGTCCGTTATCAACTTGAAAAAGTGGCACATGAGGATCACCCATGTGCTTTTTTT,0
J506-14,14,,,,,,,ATGAGCAGCATTGAGTTTTAGAGCTAGAAATAGCAAGTTAAAATAAGGCTAGTCCGTTATCAACTTGAAAAAGTGGCACATGAGGATCACCCATGTGCTTTTTTT,0
J506-13,13,,,,,,,TGAGCAGCATTGAGTTTTAGAGCTAGAAATAGCAAGTTAAAATAAGGCTAGTCCGTTATCAACTTGAAAAAGTGGCACATGAGGATCACCCATGTGCTTTTTTT,0
J506-12,12,,,,,,,GAGCAGCATTGAGTTTTAGAGCTAGAAATAGCAAGTTAAAATAAGGCTAGTCCGTTATCAACTTGAAAAAGTGGCACATGAGGATCACCCATGTGCTTTTTTT,0
J506-11,11,,,,,,,AGCAGCATTGAGTTTTAGAGCTAGAAATAGCAAGTTAAAATAAGGCTAGTCCGTTATCAACTTGAAAAAGTGGCACATGAGGATCACCCATGTGCTTTTTTT,0
J506-8,8,,,,,,,AGCATTGAGTTTTAGAGCTAGAAATAGCAAGTTAAAATAAGGCTAGTCCGTTATCAACTTGAAAAAGTGGCACATGAGGATCACCCATGTGCTTTTTTT,0
J606,20,,,,,,,GTCGCAGTCGCGCGAGCACTGTTTTAGAGCTAGAAATAGCAAGTTAAAATAAGGCTAGTCCGTTATCAACTTGAAAAAGTGGCACATGAGGATCACCCATGTGCTTTTTTT,0
J606-19,19,,,,,,,TCGCAGTCGCGCGAGCACTGTTTTAGAGCTAGAAATAGCAAGTTAAAATAAGGCTAGTCCGTTATCAACTTGAAAAAGTGGCACATGAGGATCACCCATGTGCTTTTTTT,0
J606-18,18,,,,,,,CGCAGTCGCGCGAGCACTGTTTTAGAGCTAGAAATAGCAAGTTAAAATAAGGCTAGTCCGTTATCAACTTGAAAAAGTGGCACATGAGGATCACCCATGTGCTTTTTTT,0
J606-17,17,,,,,,,GCAGTCGCGCGAGCACTGTTTTAGAGCTAGAAATAGCAAGTTAAAATAAGGCTAGTCCGTTATCAACTTGAAAAAGTGGCACATGAGGATCACCCATGTGCTTTTTTT,0
J606-16,16,,,,,,,CAGTCGCGCGAGCACTGTTTTAGAGCTAGAAATAGCAAGTTAAAATAAGGCTAGTCCGTTATCAACTTGAAAAAGTGGCACATGAGGATCACCCATGTGCTTTTTTT,0
J606-15,15,,,,,,,AGTCGCGCGAGCACTGTTTTAGAGCTAGAAATAGCAAGTTAAAATAAGGCTAGTCCGTTATCAACTTGAAAAAGTGGCACATGAGGATCACCCATGTGCTTTTTTT,0
J606-14,14,,,,,,,GTCGCGCGAGCACTGTTTTAGAGCTAGAAATAGCAAGTTAAAATAAGGCTAGTCCGTTATCAACTTGAAAAAGTGGCACATGAGGATCACCCATGTGCTTTTTTT,0
J606-13,13,,,,,,,TCGCGCGAGCACTGTTTTAGAGCTAGAAATAGCAAGTTAAAATAAGGCTAGTCCGTTATCAACTTGAAAAAGTGGCACATGAGGATCACCCATGTGCTTTTTTT,0
J606-12,12,,,,,,,CGCGCGAGCACTGTTTTAGAGCTAGAAATAGCAAGTTAAAATAAGGCTAGTCCGTTATCAACTTGAAAAAGTGGCACATGAGGATCACCCATGTGCTTTTTTT,0
J606-11,11,,,,,,,GCGCGAGCACTGTTTTAGAGCTAGAAATAGCAAGTTAAAATAAGGCTAGTCCGTTATCAACTTGAAAAAGTGGCACATGAGGATCACCCATGTGCTTTTTTT,0
J606-8,8,,,,,,,CGAGCACTGTTTTAGAGCTAGAAATAGCAAGTTAAAATAAGGCTAGTCCGTTATCAACTTGAAAAAGTGGCACATGAGGATCACCCATGTGCTTTTTTT,0
J106,20,,,,,,,AGGACGCCTTTGGTAACCGCGTTTTAGAGCTAGAAATAGCAAGTTAAAATAAGGCTAGTCCGTTATCAACTTGAAAAAGTGGCACATGAGGATCACCCATGTGCTTTTTTT,0
J206,20,,,,,,,TAGTAGCCGAACACGTCCTCGTTTTAGAGCTAGAAATAGCAAGTTAAAATAAGGCTAGTCCGTTATCAACTTGAAAAAGTGGCACATGAGGATCACCCATGTGCTTTTTTT,0
g1,20,,,,,,,GATCCTCATCCTGGCTTCGAGTTTTAGAGCTAGAAATAGCAAGTTAAAATAAGGCTAGTCCGTTATCAACTTGAAAAAGTGGCACATGAGGATCACCCATGTGCTTTTTTT,0
g2,20,,,,,,,CGCAACTACTGGGGGTGTGAGTTTTAGAGCTAGAAATAGCAAGTTAAAATAAGGCTAGTCCGTTATCAACTTGAAAAAGTGGCACATGAGGATCACCCATGTGCTTTTTTT,0
g3,20,,,,,,,TGTCTCTTGATGCAAGAGCGGTTTTAGAGCTAGAAATAGCAAGTTAAAATAAGGCTAGTCCGTTATCAACTTGAAAAAGTGGCACATGAGGATCACCCATGTGCTTTTTTT,0
g4,20,,,,,,,GTCCGCCACTTGATTTGTGTGTTTTAGAGCTAGAAATAGCAAGTTAAAATAAGGCTAGTCCGTTATCAACTTGAAAAAGTGGCACATGAGGATCACCCATGTGCTTTTTTT,0
g5,20,,,,,,,TCGTGAATTCAGTGCCAACCGTTTTAGAGCTAGAAATAGCAAGTTAAAATAAGGCTAGTCCGTTATCAACTTGAAAAAGTGGCACATGAGGATCACCCATGTGCTTTTTTT,0
g6,20,,,,,,,TCACACGCAGTTTCTCCCCTGTTTTAGAGCTAGAAATAGCAAGTTAAAATAAGGCTAGTCCGTTATCAACTTGAAAAAGTGGCACATGAGGATCACCCATGTGCTTTTTTT,0
g7,20,,,,,,,GAACTCATGAAACTGATGTAGTTTTAGAGCTAGAAATAGCAAGTTAAAATAAGGCTAGTCCGTTATCAACTTGAAAAAGTGGCACATGAGGATCACCCATGTGCTTTTTTT,0
g8,20,,,,,,,GCCTCCTCTTCTCTTTCTGCGTTTTAGAGCTAGAAATAGCAAGTTAAAATAAGGCTAGTCCGTTATCAACTTGAAAAAGTGGCACATGAGGATCACCCATGTGCTTTTTTT,0
g9,20,,,,,,,CGAAGGGCATTAATGAGTTTGTTTTAGAGCTAGAAATAGCAAGTTAAAATAAGGCTAGTCCGTTATCAACTTGAAAAAGTGGCACATGAGGATCACCCATGTGCTTTTTTT,0
g10,20,,,,,,,GGAGAAGGAGAAGGAAGAGTGTTTTAGAGCTAGAAATAGCAAGTTAAAATAAGGCTAGTCCGTTATCAACTTGAAAAAGTGGCACATGAGGATCACCCATGTGCTTTTTTT,0
g11,20,,,,,,,CCAGCTAAACTCTAGTTCAAGTTTTAGAGCTAGAAATAGCAAGTTAAAATAAGGCTAGTCCGTTATCAACTTGAAAAAGTGGCACATGAGGATCACCCATGTGCTTTTTTT,0
g12,20,,,,,,,AGAAGGTTATCTCAAGAAACGTTTTAGAGCTAGAAATAGCAAGTTAAAATAAGGCTAGTCCGTTATCAACTTGAAAAAGTGGCACATGAGGATCACCCATGTGCTTTTTTT,0
g13,20,,,,,,,TTTGAAATATTGACTTTTTAGTTTTAGAGCTAGAAATAGCAAGTTAAAATAAGGCTAGTCCGTTATCAACTTGAAAAAGTGGCACATGAGGATCACCCATGTGCTTTTTTT,0
A,20,,,,,,,AGCAACAGCGAGAACTCGTGGTTTTAGAGCTAGAAATAGCAAGTTAAAATAAGGCTAGTCCGTTATCAACTTGAAAAAGTGGCACATGAGGATCACCCATGTGCTTTTTTT,0
C,20,,,,,,,AGCGCGATCGACTGATGCTCGTTTTAGAGCTAGAAATAGCAAGTTAAAATAAGGCTAGTCCGTTATCAACTTGAAAAAGTGGCACATGAGGATCACCCATGTGCTTTTTTT,0
D,20,,,,,,,AGTAGCAGCACGCTAGACGCGTTTTAGAGCTAGAAATAGCAAGTTAAAATAAGGCTAGTCCGTTATCAACTTGAAAAAGTGGCACATGAGGATCACCCATGTGCTTTTTTT,0
F,20,,,,,,,GTCGCTATGACGCTTCTCGCGTTTTAGAGCTAGAAATAGCAAGTTAAAATAAGGCTAGTCCGTTATCAACTTGAAAAAGTGGCACATGAGGATCACCCATGTGCTTTTTTT,0
G,20,,,,,,,ACGAAGAGTGAGCGCAGATAGTTTTAGAGCTAGAAATAGCAAGTTAAAATAAGGCTAGTCCGTTATCAACTTGAAAAAGTGGCACATGAGGATCACCCATGTGCTTTTTTT,0
H,20,,,,,,,ACAAGTATCGAAGCGAACTAGTTTTAGAGCTAGAAATAGCAAGTTAAAATAAGGCTAGTCCGTTATCAACTTGAAAAAGTGGCACATGAGGATCACCCATGTGCTTTTTTT,0
I,20,,,,,,,GCGATAAACATATAAATTATGTTTTAGAGCTAGAAATAGCAAGTTAAAATAAGGCTAGTCCGTTATCAACTTGAAAAAGTGGCACATGAGGATCACCCATGTGCTTTTTTT,0
J,20,,,,,,,GAGACAGCTGAGAATGAGAAGTTTTAGAGCTAGAAATAGCAAGTTAAAATAAGGCTAGTCCGTTATCAACTTGAAAAAGTGGCACATGAGGATCACCCATGTGCTTTTTTT,0
K,20,,,,,,,AGAGTAGACAGATTAGCAGTGTTTTAGAGCTAGAAATAGCAAGTTAAAATAAGGCTAGTCCGTTATCAACTTGAAAAAGTGGCACATGAGGATCACCCATGTGCTTTTTTT,0
L,20,,,,,,,GTGATAAACGGACTAGCCTTGTTTTAGAGCTAGAAATAGCAAGTTAAAATAAGGCTAGTCCGTTATCAACTTGAAAAAGTGGCACATGAGGATCACCCATGTGCTTTTTTT,0
M,20,,,,,,,AGCAGAAGTGTCAGCAGTGTGTTTTAGAGCTAGAAATAGCAAGTTAAAATAAGGCTAGTCCGTTATCAACTTGAAAAAGTGGCACATGAGGATCACCCATGTGCTTTTTTT,0
N,20,,,,,,,GCAGTTACAGAAGTCGTCGCGTTTTAGAGCTAGAAATAGCAAGTTAAAATAAGGCTAGTCCGTTATCAACTTGAAAAAGTGGCACATGAGGATCACCCATGTGCTTTTTTT,0
O,20,,,,,,,AGCAGCGTCGTCGAAAGTGTGTTTTAGAGCTAGAAATAGCAAGTTAAAATAAGGCTAGTCCGTTATCAACTTGAAAAAGTGGCACATGAGGATCACCCATGTGCTTTTTTT,0
P,20,,,,,,,ATCGACAGAATCACTGCGCAGTTTTAGAGCTAGAAATAGCAAGTTAAAATAAGGCTAGTCCGTTATCAACTTGAAAAAGTGGCACATGAGGATCACCCATGTGCTTTTTTT,0
Q,20,,,,,,,GCAGCGAAAGTCAGTGTCGTGTTTTAGAGCTAGAAATAGCAAGTTAAAATAAGGCTAGTCCGTTATCAACTTGAAAAAGTGGCACATGAGGATCACCCATGTGCTTTTTTT,0
R,20,,,,,,,ACAGATGACGCTGCATAGCTGTTTTAGAGCTAGAAATAGCAAGTTAAAATAAGGCTAGTCCGTTATCAACTTGAAAAAGTGGCACATGAGGATCACCCATGTGCTTTTTTT,0
S,20,,,,,,,GATGAGACAGACTAGTCGCGGTTTTAGAGCTAGAAATAGCAAGTTAAAATAAGGCTAGTCCGTTATCAACTTGAAAAAGTGGCACATGAGGATCACCCATGTGCTTTTTTT,0
T,20,,,,,,,GATGACGCTGACAAGTGTTCGTTTTAGAGCTAGAAATAGCAAGTTAAAATAAGGCTAGTCCGTTATCAACTTGAAAAAGTGGCACATGAGGATCACCCATGTGCTTTTTTT,0
U,20,,,,,,,ACGATCAGCGAGACTAGCTCGTTTTAGAGCTAGAAATAGCAAGTTAAAATAAGGCTAGTCCGTTATCAACTTGAAAAAGTGGCACATGAGGATCACCCATGTGCTTTTTTT,0
V,20,,,,,,,GATGACAGCGTGACTAGCTGGTTTTAGAGCTAGAAATAGCAAGTTAAAATAAGGCTAGTCCGTTATCAACTTGAAAAAGTGGCACATGAGGATCACCCATGTGCTTTTTTT,0
W,20,,,,,,,GATGATAGCGTGACTAGCTGGTTTTAGAGCTAGAAATAGCAAGTTAAAATAAGGCTAGTCCGTTATCAACTTGAAAAAGTGGCACATGAGGATCACCCATGTGCTTTTTTT,0
W108,20,,,,,,,GAAGATCCGGCCTGCAGCCAGTTTTAGAGCTAGAAATAGCAAGTTAAAATAAGGCTAGTCCGTTATCAACTTGAAAAAGTGGCACATGAGGATCACCCATGTGCTTTTTTT,0
AA,20,,,,,,,ACAATTGTCGCAACATGATCGUUGGUGAGUUAGAAAUAACAAGUACCAAUAAGGCTAGTCCGTTATCAACTTGAAAAAGTGGCACATGAGGATCACCCATGTGCTTTTTTT,0
BB,20,,,,,,,GGCATCAAAAACACACGATCGUUGGUGAGUUAGAAAUAACAAGUACCAAUAAGGCTAGTCCGTTATCAACTTGAAAAAGTGGCACATGAGGATCACCCATGTGCTTTTTTT,0
CC,20,,,,,,,GAGACCATCGTAAATCCATAGUUGGUGAGUUAGAAAUAACAAGUACCAAUAAGGCTAGTCCGTTATCAACTTGAAAAAGTGGCACATGAGGATCACCCATGTGCTTTTTTT,0
DD,20,,,,,,,GGCGCCAAAAGTATCTCCGTGUUGGUGAGUUAGAAAUAACAAGUACCAAUAAGGCTAGTCCGTTATCAACTTGAAAAAGTGGCACATGAGGATCACCCATGTGCTTTTTTT,0
EE,20,,,,,,,ATCGCCGCTGTAACATCCATGUUGGUGAGUUAGAAAUAACAAGUACCAAUAAGGCTAGTCCGTTATCAACTTGAAAAAGTGGCACATGAGGATCACCCATGTGCTTTTTTT,0
J119,20,,,,,,,TGGTTGCCAAGGGTGACCTAGTTTTAGAGCTAGAAATAGCAAGTTAAAATAAGGCTAGTCCGTTATCAACTTGAAAAAGTGGCACATGAGGATCACCCATGTGCTTTTTTT,0