Unique_Name,Spacer_Length,Spacer_Position,Raw_Fluorescence_1,Raw_Fluorescence_2,Raw_Fluorescence_3,Avg_Fluorescence,Date,Sequence,upstream
PP_4016__31.0,20,6,,,,,,GGCATAACGGCCGTCTACAGGTTTTAGAGCTAGAAATAGCAAGTTAAAATAAGGCTAGTCCGTTATCAACTTGAAAAAGTGGCACCGAGTCGGTGCTTTTTTT,0
PP_4016__32.0,20,6,,,,,,CGGCATAACGGCCGTCTACAGTTTTAGAGCTAGAAATAGCAAGTTAAAATAAGGCTAGTCCGTTATCAACTTGAAAAAGTGGCACCGAGTCGGTGCTTTTTTT,0
PP_4016__33.0,20,6,,,,,,CCGGCATAACGGCCGTCTACGTTTTAGAGCTAGAAATAGCAAGTTAAAATAAGGCTAGTCCGTTATCAACTTGAAAAAGTGGCACCGAGTCGGTGCTTTTTTT,0
PP_4016__44.0,20,6,,,,,,CCTGGGTTTTGCCGGCATAAGTTTTAGAGCTAGAAATAGCAAGTTAAAATAAGGCTAGTCCGTTATCAACTTGAAAAAGTGGCACCGAGTCGGTGCTTTTTTT,0
PP_4016__52.0,20,6,,,,,,GCGCAAGGCCTGGGTTTTGCGTTTTAGAGCTAGAAATAGCAAGTTAAAATAAGGCTAGTCCGTTATCAACTTGAAAAAGTGGCACCGAGTCGGTGCTTTTTTT,0
PP_4016__61.0,20,6,,,,,,GAAAATGGGGCGCAAGGCCTGTTTTAGAGCTAGAAATAGCAAGTTAAAATAAGGCTAGTCCGTTATCAACTTGAAAAAGTGGCACCGAGTCGGTGCTTTTTTT,0
PP_4016__62.0,20,6,,,,,,TGAAAATGGGGCGCAAGGCCGTTTTAGAGCTAGAAATAGCAAGTTAAAATAAGGCTAGTCCGTTATCAACTTGAAAAAGTGGCACCGAGTCGGTGCTTTTTTT,0
PP_4016__67.0,20,6,,,,,,TTCGCTGAAAATGGGGCGCAGTTTTAGAGCTAGAAATAGCAAGTTAAAATAAGGCTAGTCCGTTATCAACTTGAAAAAGTGGCACCGAGTCGGTGCTTTTTTT,0
PP_4016__74.0,20,6,,,,,,GGCCGAATTCGCTGAAAATGGTTTTAGAGCTAGAAATAGCAAGTTAAAATAAGGCTAGTCCGTTATCAACTTGAAAAAGTGGCACCGAGTCGGTGCTTTTTTT,0
PP_4016__75.0,20,6,,,,,,AGGCCGAATTCGCTGAAAATGTTTTAGAGCTAGAAATAGCAAGTTAAAATAAGGCTAGTCCGTTATCAACTTGAAAAAGTGGCACCGAGTCGGTGCTTTTTTT,0
PP_4016__76.0,20,6,,,,,,CAGGCCGAATTCGCTGAAAAGTTTTAGAGCTAGAAATAGCAAGTTAAAATAAGGCTAGTCCGTTATCAACTTGAAAAAGTGGCACCGAGTCGGTGCTTTTTTT,0
PP_4016__95.0,20,6,,,,,,CCAGGGCGCGGAAACGGATCGTTTTAGAGCTAGAAATAGCAAGTTAAAATAAGGCTAGTCCGTTATCAACTTGAAAAAGTGGCACCGAGTCGGTGCTTTTTTT,0
PP_4016__101.0,20,6,,,,,,CTTCGACCAGGGCGCGGAAAGTTTTAGAGCTAGAAATAGCAAGTTAAAATAAGGCTAGTCCGTTATCAACTTGAAAAAGTGGCACCGAGTCGGTGCTTTTTTT,0
PP_4016__107.0,20,6,,,,,,AGCGCACTTCGACCAGGGCGGTTTTAGAGCTAGAAATAGCAAGTTAAAATAAGGCTAGTCCGTTATCAACTTGAAAAAGTGGCACCGAGTCGGTGCTTTTTTT,0
PP_4016__112.0,20,6,,,,,,CAGCCAGCGCACTTCGACCAGTTTTAGAGCTAGAAATAGCAAGTTAAAATAAGGCTAGTCCGTTATCAACTTGAAAAAGTGGCACCGAGTCGGTGCTTTTTTT,0
PP_4016__113.0,20,6,,,,,,GCAGCCAGCGCACTTCGACCGTTTTAGAGCTAGAAATAGCAAGTTAAAATAAGGCTAGTCCGTTATCAACTTGAAAAAGTGGCACCGAGTCGGTGCTTTTTTT,0
PP_4016__140.0,20,6,,,,,,CGATTTGCGGGTGGGCGGCCGTTTTAGAGCTAGAAATAGCAAGTTAAAATAAGGCTAGTCCGTTATCAACTTGAAAAAGTGGCACCGAGTCGGTGCTTTTTTT,0
PP_4016__145.0,20,6,,,,,,TTCGCCGATTTGCGGGTGGGGTTTTAGAGCTAGAAATAGCAAGTTAAAATAAGGCTAGTCCGTTATCAACTTGAAAAAGTGGCACCGAGTCGGTGCTTTTTTT,0
PP_4016__148.0,20,6,,,,,,CACTTCGCCGATTTGCGGGTGTTTTAGAGCTAGAAATAGCAAGTTAAAATAAGGCTAGTCCGTTATCAACTTGAAAAAGTGGCACCGAGTCGGTGCTTTTTTT,0
PP_4016__149.0,20,6,,,,,,GCACTTCGCCGATTTGCGGGGTTTTAGAGCTAGAAATAGCAAGTTAAAATAAGGCTAGTCCGTTATCAACTTGAAAAAGTGGCACCGAGTCGGTGCTTTTTTT,0
PP_4016__152.0,20,6,,,,,,CCGGCACTTCGCCGATTTGCGTTTTAGAGCTAGAAATAGCAAGTTAAAATAAGGCTAGTCCGTTATCAACTTGAAAAAGTGGCACCGAGTCGGTGCTTTTTTT,0
PP_4016__153.0,20,6,,,,,,GCCGGCACTTCGCCGATTTGGTTTTAGAGCTAGAAATAGCAAGTTAAAATAAGGCTAGTCCGTTATCAACTTGAAAAAGTGGCACCGAGTCGGTGCTTTTTTT,0
PP_4016__171.0,20,6,,,,,,TTGGCTTCGGCGGAGAACGCGTTTTAGAGCTAGAAATAGCAAGTTAAAATAAGGCTAGTCCGTTATCAACTTGAAAAAGTGGCACCGAGTCGGTGCTTTTTTT,0
PP_4016__181.0,20,6,,,,,,CAGCAGGGCGTTGGCTTCGGGTTTTAGAGCTAGAAATAGCAAGTTAAAATAAGGCTAGTCCGTTATCAACTTGAAAAAGTGGCACCGAGTCGGTGCTTTTTTT,0
PP_4016__184.0,20,6,,,,,,GTCCAGCAGGGCGTTGGCTTGTTTTAGAGCTAGAAATAGCAAGTTAAAATAAGGCTAGTCCGTTATCAACTTGAAAAAGTGGCACCGAGTCGGTGCTTTTTTT,0
PP_4016__190.0,20,6,,,,,,CAGGCTGTCCAGCAGGGCGTGTTTTAGAGCTAGAAATAGCAAGTTAAAATAAGGCTAGTCCGTTATCAACTTGAAAAAGTGGCACCGAGTCGGTGCTTTTTTT,0
PP_4016__196.0,20,6,,,,,,GGTGGCCAGGCTGTCCAGCAGTTTTAGAGCTAGAAATAGCAAGTTAAAATAAGGCTAGTCCGTTATCAACTTGAAAAAGTGGCACCGAGTCGGTGCTTTTTTT,0
PP_4016__197.0,20,6,,,,,,CGGTGGCCAGGCTGTCCAGCGTTTTAGAGCTAGAAATAGCAAGTTAAAATAAGGCTAGTCCGTTATCAACTTGAAAAAGTGGCACCGAGTCGGTGCTTTTTTT,0
PP_4016__209.0,20,6,,,,,,CCAGCTTGAAATCGGTGGCCGTTTTAGAGCTAGAAATAGCAAGTTAAAATAAGGCTAGTCCGTTATCAACTTGAAAAAGTGGCACCGAGTCGGTGCTTTTTTT,0
PP_4016__214.0,20,6,,,,,,GTGCTCCAGCTTGAAATCGGGTTTTAGAGCTAGAAATAGCAAGTTAAAATAAGGCTAGTCCGTTATCAACTTGAAAAAGTGGCACCGAGTCGGTGCTTTTTTT,0
PP_4016__217.0,20,6,,,,,,GGCGTGCTCCAGCTTGAAATGTTTTAGAGCTAGAAATAGCAAGTTAAAATAAGGCTAGTCCGTTATCAACTTGAAAAAGTGGCACCGAGTCGGTGCTTTTTTT,0
PP_4016__238.0,20,6,,,,,,CTCGATTTCCTTGACGCGCTGTTTTAGAGCTAGAAATAGCAAGTTAAAATAAGGCTAGTCCGTTATCAACTTGAAAAAGTGGCACCGAGTCGGTGCTTTTTTT,0
PP_4016__265.0,20,6,,,,,,GGCCTTGACGTCGTGGTTGGGTTTTAGAGCTAGAAATAGCAAGTTAAAATAAGGCTAGTCCGTTATCAACTTGAAAAAGTGGCACCGAGTCGGTGCTTTTTTT,0
PP_4016__268.0,20,6,,,,,,AATGGCCTTGACGTCGTGGTGTTTTAGAGCTAGAAATAGCAAGTTAAAATAAGGCTAGTCCGTTATCAACTTGAAAAAGTGGCACCGAGTCGGTGCTTTTTTT,0
PP_4016__272.0,20,6,,,,,,ATTCAATGGCCTTGACGTCGGTTTTAGAGCTAGAAATAGCAAGTTAAAATAAGGCTAGTCCGTTATCAACTTGAAAAAGTGGCACCGAGTCGGTGCTTTTTTT,0
PP_4823__32.0,20,6,,,,,,TCCAGGCCAGGGCGTGCTCAGTTTTAGAGCTAGAAATAGCAAGTTAAAATAAGGCTAGTCCGTTATCAACTTGAAAAAGTGGCACCGAGTCGGTGCTTTTTTT,0
PP_4823__43.0,20,6,,,,,,CTGGGCGACTTTCCAGGCCAGTTTTAGAGCTAGAAATAGCAAGTTAAAATAAGGCTAGTCCGTTATCAACTTGAAAAAGTGGCACCGAGTCGGTGCTTTTTTT,0
PP_4823__44.0,20,6,,,,,,CCTGGGCGACTTTCCAGGCCGTTTTAGAGCTAGAAATAGCAAGTTAAAATAAGGCTAGTCCGTTATCAACTTGAAAAAGTGGCACCGAGTCGGTGCTTTTTTT,0
PP_4823__49.0,20,6,,,,,,TGGGTCCTGGGCGACTTTCCGTTTTAGAGCTAGAAATAGCAAGTTAAAATAAGGCTAGTCCGTTATCAACTTGAAAAAGTGGCACCGAGTCGGTGCTTTTTTT,0
PP_4823__61.0,20,6,,,,,,TTTCTCGACGCGTGGGTCCTGTTTTAGAGCTAGAAATAGCAAGTTAAAATAAGGCTAGTCCGTTATCAACTTGAAAAAGTGGCACCGAGTCGGTGCTTTTTTT,0
PP_4823__62.0,20,6,,,,,,CTTTCTCGACGCGTGGGTCCGTTTTAGAGCTAGAAATAGCAAGTTAAAATAAGGCTAGTCCGTTATCAACTTGAAAAAGTGGCACCGAGTCGGTGCTTTTTTT,0
PP_4823__68.0,20,6,,,,,,CGAAGACTTTCTCGACGCGTGTTTTAGAGCTAGAAATAGCAAGTTAAAATAAGGCTAGTCCGTTATCAACTTGAAAAAGTGGCACCGAGTCGGTGCTTTTTTT,0
PP_4823__69.0,20,6,,,,,,ACGAAGACTTTCTCGACGCGGTTTTAGAGCTAGAAATAGCAAGTTAAAATAAGGCTAGTCCGTTATCAACTTGAAAAAGTGGCACCGAGTCGGTGCTTTTTTT,0
PP_4823__94.0,20,6,,,,,,GGCGGTACCGGCGTTGCCCGGTTTTAGAGCTAGAAATAGCAAGTTAAAATAAGGCTAGTCCGTTATCAACTTGAAAAAGTGGCACCGAGTCGGTGCTTTTTTT,0
PP_4823__95.0,20,6,,,,,,TGGCGGTACCGGCGTTGCCCGTTTTAGAGCTAGAAATAGCAAGTTAAAATAAGGCTAGTCCGTTATCAACTTGAAAAAGTGGCACCGAGTCGGTGCTTTTTTT,0
PP_4823__96.0,20,6,,,,,,ATGGCGGTACCGGCGTTGCCGTTTTAGAGCTAGAAATAGCAAGTTAAAATAAGGCTAGTCCGTTATCAACTTGAAAAAGTGGCACCGAGTCGGTGCTTTTTTT,0
PP_4823__106.0,20,6,,,,,,CTTGGCTTCAATGGCGGTACGTTTTAGAGCTAGAAATAGCAAGTTAAAATAAGGCTAGTCCGTTATCAACTTGAAAAAGTGGCACCGAGTCGGTGCTTTTTTT,0
PP_4823__112.0,20,6,,,,,,CTCGCACTTGGCTTCAATGGGTTTTAGAGCTAGAAATAGCAAGTTAAAATAAGGCTAGTCCGTTATCAACTTGAAAAAGTGGCACCGAGTCGGTGCTTTTTTT,0
PP_4823__115.0,20,6,,,,,,GTTCTCGCACTTGGCTTCAAGTTTTAGAGCTAGAAATAGCAAGTTAAAATAAGGCTAGTCCGTTATCAACTTGAAAAAGTGGCACCGAGTCGGTGCTTTTTTT,0
PP_4823__124.0,20,6,,,,,,GATGGCGACGTTCTCGCACTGTTTTAGAGCTAGAAATAGCAAGTTAAAATAAGGCTAGTCCGTTATCAACTTGAAAAAGTGGCACCGAGTCGGTGCTTTTTTT,0
PP_4823__142.0,20,6,,,,,,CTCCAGGGCGCACACGTCGAGTTTTAGAGCTAGAAATAGCAAGTTAAAATAAGGCTAGTCCGTTATCAACTTGAAAAAGTGGCACCGAGTCGGTGCTTTTTTT,0
PP_4823__157.0,20,6,,,,,,GAAGTCGGCCAATTGCTCCAGTTTTAGAGCTAGAAATAGCAAGTTAAAATAAGGCTAGTCCGTTATCAACTTGAAAAAGTGGCACCGAGTCGGTGCTTTTTTT,0
PP_4823__158.0,20,6,,,,,,CGAAGTCGGCCAATTGCTCCGTTTTAGAGCTAGAAATAGCAAGTTAAAATAAGGCTAGTCCGTTATCAACTTGAAAAAGTGGCACCGAGTCGGTGCTTTTTTT,0
PP_4823__172.0,20,6,,,,,,GACGTTTTTCTCGGCGAAGTGTTTTAGAGCTAGAAATAGCAAGTTAAAATAAGGCTAGTCCGTTATCAACTTGAAAAAGTGGCACCGAGTCGGTGCTTTTTTT,0
PP_4823__181.0,20,6,,,,,,GGTCAGGTCGACGTTTTTCTGTTTTAGAGCTAGAAATAGCAAGTTAAAATAAGGCTAGTCCGTTATCAACTTGAAAAAGTGGCACCGAGTCGGTGCTTTTTTT,0
PP_4823__197.0,20,6,,,,,,CTTCCGGGCCGACGATGGTCGTTTTAGAGCTAGAAATAGCAAGTTAAAATAAGGCTAGTCCGTTATCAACTTGAAAAAGTGGCACCGAGTCGGTGCTTTTTTT,0
PP_4823__202.0,20,6,,,,,,CGGTGCTTCCGGGCCGACGAGTTTTAGAGCTAGAAATAGCAAGTTAAAATAAGGCTAGTCCGTTATCAACTTGAAAAAGTGGCACCGAGTCGGTGCTTTTTTT,0
PP_4823__212.0,20,6,,,,,,CGATAACCAGCGGTGCTTCCGTTTTAGAGCTAGAAATAGCAAGTTAAAATAAGGCTAGTCCGTTATCAACTTGAAAAAGTGGCACCGAGTCGGTGCTTTTTTT,0
PP_4823__213.0,20,6,,,,,,CCGATAACCAGCGGTGCTTCGTTTTAGAGCTAGAAATAGCAAGTTAAAATAAGGCTAGTCCGTTATCAACTTGAAAAAGTGGCACCGAGTCGGTGCTTTTTTT,0
PP_4823__222.0,20,6,,,,,,TCGACCACACCGATAACCAGGTTTTAGAGCTAGAAATAGCAAGTTAAAATAAGGCTAGTCCGTTATCAACTTGAAAAAGTGGCACCGAGTCGGTGCTTTTTTT,0
PP_4823__245.0,20,6,,,,,,CCAGGCCGCGGCTGCGGAACGTTTTAGAGCTAGAAATAGCAAGTTAAAATAAGGCTAGTCCGTTATCAACTTGAAAAAGTGGCACCGAGTCGGTGCTTTTTTT,0
PP_4823__251.0,20,6,,,,,,AGCAGTCCAGGCCGCGGCTGGTTTTAGAGCTAGAAATAGCAAGTTAAAATAAGGCTAGTCCGTTATCAACTTGAAAAAGTGGCACCGAGTCGGTGCTTTTTTT,0
PP_4823__257.0,20,6,,,,,,GGCCGAAGCAGTCCAGGCCGGTTTTAGAGCTAGAAATAGCAAGTTAAAATAAGGCTAGTCCGTTATCAACTTGAAAAAGTGGCACCGAGTCGGTGCTTTTTTT,0
PP_4823__263.0,20,6,,,,,,TGGTTGGGCCGAAGCAGTCCGTTTTAGAGCTAGAAATAGCAAGTTAAAATAAGGCTAGTCCGTTATCAACTTGAAAAAGTGGCACCGAGTCGGTGCTTTTTTT,0
PP_4823__278.0,20,6,,,,,,GCTGGGCCGCGCCCTTGGTTGTTTTAGAGCTAGAAATAGCAAGTTAAAATAAGGCTAGTCCGTTATCAACTTGAAAAAGTGGCACCGAGTCGGTGCTTTTTTT,0
PP_4823__279.0,20,6,,,,,,AGCTGGGCCGCGCCCTTGGTGTTTTAGAGCTAGAAATAGCAAGTTAAAATAAGGCTAGTCCGTTATCAACTTGAAAAAGTGGCACCGAGTCGGTGCTTTTTTT,0
